<Project ToolsVersion="14.0" xmlns="http://schemas.microsoft.com/developer/msbuild/2003">
  <PropertyGroup>
    <IncludeCompositeObjects>True</IncludeCompositeObjects>
    <TargetDatabaseName>MIOnline_dev123</TargetDatabaseName>
    <DeployScriptFileName>MIOnlineDevDB.sql</DeployScriptFileName>
    <TargetConnectionString>Data Source=OH01ISQL12;Persist Security Info=True;User ID=MIONLINE_APP;Pooling=False;MultipleActiveResultSets=False;Connect Timeout=60;Encrypt=False;TrustServerCertificate=True</TargetConnectionString>
    <ProfileVersionNumber>1</ProfileVersionNumber>
    <BlockIncrementalDeploymentIfDataLoss>True</BlockIncrementalDeploymentIfDataLoss>
    <PublishDependentProjects>False</PublishDependentProjects>
    <SingleUserMode>False</SingleUserMode>
    <BlockOnPossibleDataLoss>True</BlockOnPossibleDataLoss>
    <DropObjectsNotInSource>False</DropObjectsNotInSource>
    <GenerateSmartDefaults>True</GenerateSmartDefaults>
    <ScriptDatabaseOptions>False</ScriptDatabaseOptions>
  </PropertyGroup>
</Project>