<?xml version="1.0"?>
<doc>
    <assembly>
        <name>EikonEnvManager.ProcessManagement</name>
    </assembly>
    <members>
        <member name="T:EikonEnvManager.ProcessManagement.CmdParamAttribute">
            <summary>
            Attribute used to identify properties that are command parameters.
            </summary>
        </member>
        <member name="M:EikonEnvManager.ProcessManagement.CmdParamAttribute.#ctor(System.String)">
            <summary>
            Initializes a new instance of the <see cref="T:EikonEnvManager.ProcessManagement.CmdParamAttribute"/> class.
            </summary>
            <param name="name">
            The name of the parameter.
            </param>
        </member>
        <member name="P:EikonEnvManager.ProcessManagement.CmdParamAttribute.DefaultValue">
            <summary>
            Gets or sets the default value.
            </summary>
        </member>
        <member name="P:EikonEnvManager.ProcessManagement.CmdParamAttribute.Description">
            <summary>
            Gets or sets a description of the attribute.
            </summary>
        </member>
        <member name="P:EikonEnvManager.ProcessManagement.CmdParamAttribute.Name">
            <summary>
            Gets the name of the parameter.
            </summary>
        </member>
        <member name="P:EikonEnvManager.ProcessManagement.CmdParamAttribute.Required">
            <summary>
            Gets or sets a value indicating whether the parameter is required or not.
            </summary>
        </member>
        <member name="T:EikonEnvManager.ProcessManagement.CmdResult">
            <summary>
            Data object containing the results of a command execution.
            </summary>
        </member>
        <member name="M:EikonEnvManager.ProcessManagement.CmdResult.Failure(System.Object)">
            <summary>
            Creates a CmdREsult indicating failure.
            </summary>
            <param name="returnValue">
            The return message.
            </param>
            <returns>
            The failure result object.
            </returns>
        </member>
        <member name="M:EikonEnvManager.ProcessManagement.CmdResult.Success(System.Object)">
            <summary>
            Creates a CmdResult indicating success.
            </summary>
            <param name="returnValue">
            The return message.
            </param>
            <returns>
            The success result object.
            </returns>
        </member>
        <member name="P:EikonEnvManager.ProcessManagement.CmdResult.SuccessStatus">
            <summary>
            Gets or sets a value indicating whether the command was successfully executed.
            </summary>
        </member>
        <member name="P:EikonEnvManager.ProcessManagement.CmdResult.ReturnValue">
            <summary>
            Gets or sets a return message.
            </summary>
        </member>
        <member name="T:EikonEnvManager.ProcessManagement.CommandBase">
            <summary>
            Abstract ICommand implementation with a constructor that takes the command
            name and description.  Provided in order to help keep command types concise.
            </summary>
        </member>
        <member name="T:EikonEnvManager.ProcessManagement.ICommand">
            <summary>
            Contract that defines an executable command.
            </summary>
        </member>
        <member name="M:EikonEnvManager.ProcessManagement.ICommand.Execute">
            <summary>
            Execute the command.
            </summary>
            <returns>
            A results obect describing the outcome of the execution.
            </returns>
        </member>
        <member name="P:EikonEnvManager.ProcessManagement.ICommand.Description">
            <summary>
            Gets the description of the command.
            </summary>
        </member>
        <member name="P:EikonEnvManager.ProcessManagement.ICommand.Name">
            <summary>
            Gets the name of the command.
            </summary>
        </member>
        <member name="M:EikonEnvManager.ProcessManagement.CommandBase.#ctor(System.String,System.String)">
            <summary>
            Initializes a new instance of the <see cref="T:EikonEnvManager.ProcessManagement.CommandBase"/> class.
            </summary>
            <param name="name">
            The name of the command.
            </param>
            <param name="description">
            The description of the command.
            </param>
        </member>
        <member name="M:EikonEnvManager.ProcessManagement.CommandBase.Execute">
            <summary>
            Execute the command.
            </summary>
            <returns>
            A results obect describing the outcome of the execution.
            </returns>
        </member>
        <member name="P:EikonEnvManager.ProcessManagement.CommandBase.Description">
            <summary>
            Gets the description of the command.
            </summary>
        </member>
        <member name="P:EikonEnvManager.ProcessManagement.CommandBase.Name">
            <summary>
            Gets the name of the command.
            </summary>
        </member>
        <member name="T:EikonEnvManager.ProcessManagement.EnvironmentManager">
            <summary>
            Provides methods for registering processes and remote commands.
            </summary>
        </member>
        <member name="M:EikonEnvManager.ProcessManagement.EnvironmentManager.RegisterCommand(EikonEnvManager.ProcessManagement.ICommand)">
            <summary>
            Register a remote command.
            </summary>
            <param name="command">
            The command to register.
            </param>
            <returns>
            The current instance.
            </returns>
        </member>
        <member name="M:EikonEnvManager.ProcessManagement.EnvironmentManager.RegisterCommand``1">
            <summary>
            Register a remote command.
            </summary>
            <typeparam name="TCommand">
            The type of command. 
            </typeparam>
            <returns>
            The current instance.
            </returns>
        </member>
        <member name="M:EikonEnvManager.ProcessManagement.EnvironmentManager.SetExeNameOverride(System.String)">
            <summary>
            Set an override name for the process.
            </summary>
            <param name="name">
            The name to set.
            </param>
            <returns>
            The current instance.
            </returns>
        </member>
        <member name="M:EikonEnvManager.ProcessManagement.EnvironmentManager.WaitForShutdown">
            <summary>
            Blocks the current thread until a shutdown command is received 
            from the Eikon Environment Manager Agent.
            </summary>
        </member>
        <member name="M:EikonEnvManager.ProcessManagement.EnvironmentManager.WaitForShutdown(System.Action)">
            <summary>
            Blocks the current thread until a shutdown command is received 
            from the Eikon Environment Manager Agent.
            </summary>
            <param name="onShutdown">
            A delegate that will be executed before shutdown. Provides 
            a place to put code that should run as part of a clean shutdown. 
            </param>
        </member>
        <member name="P:EikonEnvManager.ProcessManagement.EnvironmentManager.Instance">
            <summary>
            Gets the single instance.
            </summary>
        </member>
        <member name="T:EikonEnvManager.ProcessManagement.SystemCommand">
            <summary>
            Process command base class for commands not intended to 
            appear in the command list in the EEM console.
            </summary>
        </member>
        <member name="M:EikonEnvManager.ProcessManagement.SystemCommand.#ctor">
            <summary>
            Initializes a new instance of the <see cref="T:EikonEnvManager.ProcessManagement.SystemCommand"/> class.
            </summary>
        </member>
    </members>
</doc>
