<?xml version="1.0"?>
<doc>
    <assembly>
        <name>TR.AppServer.Interfaces</name>
    </assembly>
    <members>
        <member name="T:TR.AppServer.Common.Interfaces.IBroadcastConfiguration">
            <summary>
            TODO: Update summary.
            </summary>
        </member>
        <member name="P:TR.AppServer.Common.Interfaces.IBroadcastConfiguration.BroadcastExistancePort">
            <summary>
            Port that the local process should broadcast a signal for monitoring purposes 
            </summary>
        </member>
        <member name="P:TR.AppServer.Common.Interfaces.IBroadcastConfiguration.SubMask">
            <summary>
            If we're not going to broadcast on the local sub-net, specify the target sub-net here (e.g. n.n.n.255 for class C addresses)
            </summary>
        </member>
        <member name="P:TR.AppServer.Common.Interfaces.IBroadcastConfiguration.LocalHeartbeat">
            <summary>
            Confine the heartbeat to the local machine
            </summary>
        </member>
        <member name="P:TR.AppServer.Common.Interfaces.IBroadcastConfiguration.MonitoringPort">
            <summary>
            Port monitoring traffic is transmitted between client/server
            </summary>
        </member>
        <member name="T:TR.AppServer.Common.Interfaces.IChannel">
            <summary>
            Represents a logical communication channel presented over a standard
            socket connection
            </summary>
        </member>
        <member name="P:TR.AppServer.Common.Interfaces.IChannel.Connected">
            <summary>
            Gets a value that indicates whether a Socket is connected to a remote host as of the last Send or Receive operation.
            </summary>
        </member>
        <member name="P:TR.AppServer.Common.Interfaces.IChannel.RemoteEndPoint">
            <summary>
            Gets the remote endpoint.
            </summary>
        </member>
        <member name="M:TR.AppServer.Common.Interfaces.IChannel.BeginReceive(System.Byte[],System.Int32,System.Int32,System.AsyncCallback,System.Object,System.Int32)">
            <summary>
            Begins to asynchronously receive data from a connected Socket.
            </summary>
            <param name="buffer">An array of type Byte that is the storage location for the received data.</param>
            <param name="offset">The zero-based position in the buffer parameter at which to store the received data.</param>
            <param name="size">The number of bytes to receive.</param>
            <param name="cb">An AsyncCallback delegate that references the method to invoke when the operation is complete</param>
            <param name="state">A user-defined object that contains information about the receive operation. This object is passed to the EndReceive delegate when the operation is complete</param>
            <returns>An IAsyncResult that references the asynchronous read.</returns>
        </member>
        <member name="M:TR.AppServer.Common.Interfaces.IChannel.EndReceive(System.IAsyncResult)">
            <summary>
            Ends a pending asynchronous read.
            </summary>
            <param name="ar">An IAsyncResult that stores state information and any user defined data for this asynchronous operation</param>
            <returns>The number of bytes received</returns>
        </member>
        <member name="M:TR.AppServer.Common.Interfaces.IChannel.BeginSend(System.Byte[],System.Int32,System.Int32,System.AsyncCallback,System.Object)">
            <summary>
            Begins to asynchronously send data from a connected Socket.
            </summary>
            <param name="buffer">An array of type Byte that contains data to be transferred.</param>
            <param name="offset">The zero-based position in the buffer parameter at which to retreive the data.</param>
            <param name="size">The number of bytes to send.</param>
            <param name="cb">An AsyncCallback delegate that references the method to invoke when the operation is complete</param>
            <param name="state">A user-defined object that contains information about the send operation. This object is passed to the EndSend delegate when the operation is complete</param>
            <returns>An IAsyncResult that references the asynchronous read.</returns>
        </member>
        <member name="M:TR.AppServer.Common.Interfaces.IChannel.EndSend(System.IAsyncResult)">
            <summary>
            Ends a pending asynchronous send.
            </summary>
            <param name="ar">An IAsyncResult that stores state information and any user defined data for this asynchronous operation</param>
            <returns>The number of bytes sent</returns>
        </member>
        <member name="M:TR.AppServer.Common.Interfaces.IChannel.Send(System.Byte[],System.Int32,System.Int32)">
            <summary>
            Sends the specified number of bytes of data to a connected Socket, starting at the specified offset, and using the specified SocketFlags.
            </summary>
            <param name="buffer">An array of type Byte that contains the data to be sent</param>
            <param name="offset">The position in the data buffer at which to begin sending data</param>
            <param name="length">The number of bytes to send</param>
            <returns>The number of bytes sent to the Socket</returns>
        </member>
        <member name="M:TR.AppServer.Common.Interfaces.IChannel.Close">
            <summary>
            Closes the Socket connection and releases all associated resources
            </summary>
        </member>
        <member name="P:TR.AppServer.Common.Interfaces.IChannel.ChannelSession">
            <summary>
            Expose interface for manipulating the parent context of this channel
            </summary>
        </member>
        <member name="P:TR.AppServer.Common.Interfaces.IChannelSession.Connected">
            <summary>
            Gets a value that indicates whether session is connected to a remote host.
            </summary>
        </member>
        <member name="P:TR.AppServer.Common.Interfaces.IChannelSession.RemoteEndPoint">
            <summary>
            Gets the remote endpoint.
            </summary>
        </member>
        <member name="M:TR.AppServer.Common.Interfaces.IChannelSession.addChannel">
            <summary>
            adds a new channel to session.
            </summary>
        </member>
        <member name="M:TR.AppServer.Common.Interfaces.IChannelSession.close">
            <summary>
            closes the session, there by severing the underlying connection.
            </summary>
        </member>
        <member name="P:TR.AppServer.Common.Interfaces.IChannelSession.ChannelHandler">
            <summary>
            Registers a callback to handle newly added channels.
            </summary>
        </member>
        <member name="P:TR.AppServer.Common.Interfaces.IChannelSession.IoState">
            <summary>
            property to associate IO state with the session.
            </summary>
        </member>
        <member name="T:TR.AppServer.Common.Interfaces.IClientConfiguration">
            <summary>
            Connection parameters required for a client connection
            </summary>
        </member>
        <member name="P:TR.AppServer.Common.Interfaces.IClientConfiguration.StartupEnvironment">
            <summary>
            The envrionment representing app server infrastructure
            </summary>
        </member>
        <member name="P:TR.AppServer.Common.Interfaces.IClientConfiguration.UseSsl">
            <summary>
            Server required TLS 1.0
            </summary>
        </member>
        <member name="P:TR.AppServer.Common.Interfaces.IClientConfiguration.UseHttpSys">
            <summary>
            Setting to control the type of Http lib used
            </summary>
        </member>
        <member name="P:TR.AppServer.Common.Interfaces.IClientConfiguration.HostName">
            <summary>
            Server host name
            </summary>
        </member>
        <member name="P:TR.AppServer.Common.Interfaces.IClientConfiguration.Port">
            <summary>
            Server listening port
            </summary>
        </member>
        <member name="P:TR.AppServer.Common.Interfaces.IClientConfiguration.ProxyName">
            <summary>
            Optional proxy
            </summary>
        </member>
        <member name="P:TR.AppServer.Common.Interfaces.IClientConfiguration.BypassAddresses">
            <summary>
            Optional list of addresses which bypass the proxy
            </summary>
        </member>
        <member name="P:TR.AppServer.Common.Interfaces.IClientConfiguration.ClientTimeout">
            <summary>
            Represents the maximum time (in milliseconds) the client will wait for a server acknowledgement
            </summary>
        </member>
        <member name="P:TR.AppServer.Common.Interfaces.IClientConfiguration.ReconnectDelay">
            <summary>
            Represents the wait time of a client between consecutive session reconnect attempts
            </summary>
        </member>
        <member name="P:TR.AppServer.Common.Interfaces.IClientConfiguration.ReplicationRetries">
            <summary>
            Number of attempts the session-level protocol will make to synchronize client->server state
            </summary>
        </member>
        <member name="P:TR.AppServer.Common.Interfaces.IClientConfiguration.ConnectionTimeout">
            <summary>
            Maximum time to complete the protocol handshake
            </summary>
        </member>
        <member name="P:TR.AppServer.Common.Interfaces.IClientConfiguration.AcceptAllCertificates">
            <summary>
            Ignore certificate naming, or trust chaining problems during an SSL handshake
            </summary>
        </member>
        <member name="P:TR.AppServer.Common.Interfaces.IClientConfiguration.WebServerHost">
            <summary>
            Load balancer bypass to direct to the static HTML server
            </summary>
        </member>
        <member name="P:TR.AppServer.Common.Interfaces.IClientConfiguration.WebServerPort">
            <summary>
            Load balancer bypass to direct to the static HTML server
            </summary>
        </member>
        <member name="T:TR.AppServer.Common.Interfaces.IExecutionEnvironment">
            <summary>
            Placeholder to isolate the physical environment and add meta-data to that.
            </summary>
        </member>
        <member name="P:TR.AppServer.Common.Interfaces.IExecutionEnvironment.AppServerEntry">
            <summary>
            The assembly implementing the logical <i>assembly</i> entry point
            </summary>
        </member>
        <member name="T:TR.AppServer.Common.Interfaces.IKey`1">
            <summary>
            Defines the interfaces that should be implemented in the cache's key objects.
            
            Note that Clone() should be a deep copy
            </summary>
            <typeparam name="K">Key type name</typeparam>
        </member>
        <member name="T:TR.AppServer.Common.Interfaces.ILogger">
            <summary>
            Contract for a logger used to log application messages.
            </summary>
        </member>
        <member name="P:TR.AppServer.Common.Interfaces.ILogger.IsDebugEnabled">
            <summary>
            Gets a value indicating whether the DEBUG level is set.
            </summary>
        </member>
        <member name="P:TR.AppServer.Common.Interfaces.ILogger.IsErrorEnabled">
            <summary>
            Gets a value indicating whether the ERROR level is set.
            </summary>
        </member>
        <member name="P:TR.AppServer.Common.Interfaces.ILogger.IsInfoEnabled">
            <summary>
            Gets a value indicating whether the INFO level is set.
            </summary>
        </member>
        <member name="P:TR.AppServer.Common.Interfaces.ILogger.IsTraceEnabled">
            <summary>
            Gets a value indicating whether the TRACE level is set.
            </summary>
        </member>
        <member name="P:TR.AppServer.Common.Interfaces.ILogger.IsWarnEnabled">
            <summary>
            Gets a value indicating whether the WARN level is set.
            </summary>
        </member>
        <member name="M:TR.AppServer.Common.Interfaces.ILogger.LogDebug(System.String,System.Object[])">
            <summary>
            Write a message at DEBUG level.
            </summary>
            <param name="format">
            The string format.
            </param>
            <param name="args">
            The string format arguments.
            </param>
        </member>
        <member name="M:TR.AppServer.Common.Interfaces.ILogger.LogError(System.String,System.Object[])">
            <summary>
            Write a message at ERROR level.
            </summary>
            <param name="format">
            The string format.
            </param>
            <param name="args">
            The string format arguments.
            </param>
        </member>
        <member name="M:TR.AppServer.Common.Interfaces.ILogger.LogException(System.Exception)">
            <summary>
            Log an exception.
            </summary>
            <param name="exception">
            The exception to log.
            </param>
        </member>
        <member name="M:TR.AppServer.Common.Interfaces.ILogger.LogInfo(System.String,System.Object[])">
            <summary>
            Write a message at INFO level.
            </summary>
            <param name="format">
            The string format.
            </param>
            <param name="args">
            The string format arguments.
            </param>
        </member>
        <member name="M:TR.AppServer.Common.Interfaces.ILogger.LogTrace(System.String,System.Object[])">
            <summary>
            Write a message at TRACE level.
            </summary>
            <param name="format">
            The string format.
            </param>
            <param name="args">
            The string format arguments.
            </param>
        </member>
        <member name="M:TR.AppServer.Common.Interfaces.ILogger.LogWarn(System.String,System.Object[])">
            <summary>
            Write a message at WARN level.
            </summary>
            <param name="format">
            The string format.
            </param>
            <param name="args">
            The string format arguments.
            </param>
        </member>
        <member name="T:TR.AppServer.Common.Interfaces.IMessagePartsCollection">
            <summary>
            Place holder interface to simplify other nested uses of this structure
            </summary>
        </member>
        <member name="M:TR.AppServer.Common.Interfaces.IReadWriteClientProxy.Dispose">
            <summary>
            Performs application-defined tasks associated with freeing, releasing, or resetting unmanaged resources.
            </summary>
            <filterpriority>2</filterpriority>
        </member>
        <member name="T:TR.AppServer.Common.Interfaces.ISocket">
            <summary>
            Socket facade contract for unit testing/mocking purposes
            </summary>
        </member>
        <member name="P:TR.AppServer.Common.Interfaces.ISocket.LocalEndPoint">
            <summary>
            Gets the local endpoint.
            </summary>
        </member>
        <member name="M:TR.AppServer.Common.Interfaces.ISocket.Connect(System.Net.EndPoint,System.Action{TR.AppServer.Common.Interfaces.IChannel},System.Nullable{System.TimeSpan},System.Net.IWebProxy)">
            <summary>
            Establishes a connection to a remote host.
            </summary>
            <param name="endPoint">An EndPoint that represents the remote device.</param>
            <param name="proxy">Optional connection proxy</param>
        </member>
        <member name="M:TR.AppServer.Common.Interfaces.ISocket.SetSocketOption(System.Net.Sockets.SocketOptionLevel,System.Net.Sockets.SocketOptionName,System.Boolean)">
            <summary>
            Sets the specified Socket option to the specified Boolean value.
            </summary>
            <param name="socketOptionLevel">One of the SocketOptionLevel values.</param>
            <param name="socketOptionName">One of the SocketOptionName values.</param>
            <param name="optionValue">The value of the option, represented as a Boolean.</param>
        </member>
        <member name="P:TR.AppServer.Common.Interfaces.ISocket.Socket">
            <summary>
            Return the BCL Socket
            </summary>
        </member>
        <member name="M:TR.AppServer.Common.Interfaces.ISysStatsAppApi.LogAppStatInt(System.String,System.Nullable{System.TimeSpan},System.Int64,System.Int64)">
            <summary>
            Log an internal metric
            </summary>
            <param name="metric">
            The name of the metric
            </param>
            <param name="elapsedTime">
            The elapsed time measured by this metric
            </param>
            <param name="incomingBytes">
            The number of bytes incoming to this metric
            </param>
            <param name="outgoingBytes">
            The number of bytes outgoing from this metric
            </param>
        </member>
        <member name="M:TR.AppServer.Common.Interfaces.ISysStatsAppApi.LogAppStatOut(System.String,System.String,System.Nullable{System.TimeSpan},System.Int64,System.Int64)">
            <summary>
            Log an internal metric
            </summary>
            <param name="metric">
            The name of the metric
            </param>
            <param name="downstreamSystem">
            The system invoked by this outgoing metric
            </param>
            <param name="elapsedTime">
            The elapsed time measured by this metric
            </param>
            <param name="incomingBytes">
            The number of bytes incoming to this metric
            </param>
            <param name="outgoingBytes">
            The number of bytes outgoing from this metric
            </param>
        </member>
        <member name="T:TR.AppServer.Common.Interfaces.ITimingService">
            <summary>
            Collaboration of timing and report aggregation
            </summary>
        </member>
        <member name="M:TR.AppServer.Common.Interfaces.ITimingService.Initialize(System.String,System.Action{System.String})">
            <summary>
            Create a new timing instance against which timespan charges can be made
            </summary>
            <param name="name"></param>
            <param name="callback"></param>
            <returns>Timing instance handle</returns>
        </member>
        <member name="M:TR.AppServer.Common.Interfaces.ITimingService.Start(System.Int32)">
            <summary>
            Start timing against the timing instance
            </summary>
            <param name="timer">Timing instance</param>
        </member>
        <member name="M:TR.AppServer.Common.Interfaces.ITimingService.Stop(System.Int32)">
            <summary>
            Stop timing against the timing instance
            </summary>
            <param name="timer">Timing instance</param>
        </member>
        <member name="T:TR.AppServer.Common.Interfaces.IUser">
            <summary>
            Represents the user context (identity and authentication token(s))
            </summary>
        </member>
        <member name="M:TR.AppServer.Common.Interfaces.IUser.Serialize(System.IO.BinaryWriter)">
            <summary>
            Serialize the current content into a binary form using <paramref name="writer"/>.
            </summary>
            <param name="writer">Binary writer</param>
        </member>
        <member name="P:TR.AppServer.Common.Interfaces.IUser.Uuid">
            <summary>
            Byte array representation of the user token.
            </summary>
        </member>
        <member name="T:TR.AppServer.Common.Interfaces.IWinInetWrapper">
            <summary>
            Abstract a managed access layer to WinHttp or WinInet
            </summary>
        </member>
        <member name="M:TR.AppServer.Common.Interfaces.IWinInetWrapper.Reset">
            <summary>
            Close any active connection and reset internal state
            </summary>
        </member>
        <member name="M:TR.AppServer.Common.Interfaces.IWinInetWrapper.ResetEnvironment(System.String,System.Int32,System.Boolean)">
            <summary>
            Reset load balancer connection information
            </summary>
            <param name="hostName"></param>
            <param name="port"></param>
            <param name="ssl"></param>
        </member>
        <member name="M:TR.AppServer.Common.Interfaces.IWinInetWrapper.Connect(System.String,System.String,System.Net.IWebProxy)">
            <summary>
            Testing connect - use an arbitrary user/physical location token for session affinity
            </summary>
            <param name="uuid">User identifier</param>
            <param name="geoLocation">Physical location token</param>
            <param name="proxy">optional web proxy to connect through</param>
        </member>
        <member name="M:TR.AppServer.Common.Interfaces.IWinInetWrapper.Send(System.String,System.Action{System.String})">
            <summary>
            Asynchronous send
            </summary>
            <param name="message">Message content to send</param>
            <param name="callback">User callback for response data</param>
        </member>
        <member name="M:TR.AppServer.Common.Interfaces.IWinInetWrapper.Send(System.Byte[],System.Int32,System.Object,System.Action{System.Byte[],System.Object})">
            <summary>
            Asynchronous send
            </summary>
            <param name="message">Message content to send</param>
            <param name="length">Byte count in <paramref name="message"/></param>
            <param name="state">Opaque container to link request state with response</param>
            <param name="callback">User callback for response data</param>
        </member>
        <member name="M:TR.AppServer.Common.Interfaces.IWinInetWrapper.SendWithResponse(System.String,System.String,System.String)">
            <summary>
            Synchronous version of Send
            </summary>
            <param name="message">Message content to send</param>
            <param name="uuid">User identifier</param>
            <param name="geoLocation">Physical location token</param>
            <returns>Decoded response</returns>
        </member>
        <member name="P:TR.AppServer.Common.Interfaces.IWinInetWrapper.HostName">
            <summary>
            Connected host
            </summary>
        </member>
        <member name="P:TR.AppServer.Common.Interfaces.IWinInetWrapper.Port">
            <summary>
            Host port
            </summary>
        </member>
        <member name="P:TR.AppServer.Common.Interfaces.IWinInetWrapper.IsConnected">
            <summary>
            Flag indicating a low-level socket connection with the server
            </summary>
        </member>
        <member name="P:TR.AppServer.Common.Interfaces.IWinInetWrapper.AcceptAllCertificates">
            <summary>
            Ignore certificate naming, or trust chaining problems during an SSL handshake
            </summary>
        </member>
        <member name="M:TR.AppServer.Common.Interfaces.IWinInetWrapper.HttpGet(System.String,System.String,System.Action{System.String})">
            <summary>
            Perform a standard HTTP get request for the given <paramref name="uri"/> and
            the user identified as <paramref name="uuid"/>
            </summary>
            <param name="uri"></param>
            <param name="uuid"></param>
            <param name="response"></param>
        </member>
        <member name="M:TR.AppServer.Common.Interfaces.IWinInetWrapper.HttpGet(System.String,System.String,System.Action{System.Byte[]})">
            <summary>
            Perform a standard HTTP get request for the given <paramref name="uri"/> and
            the user identified as <paramref name="uuid"/>
            </summary>
            <param name="uri"></param>
            <param name="uuid"></param>
            <param name="response"></param>
        </member>
    </members>
</doc>
